Run,Response Time (s),Prompt Tokens,Completion Tokens,Total Tokens,Characters,Words,Cost (USD),Region,Response
1,17.38,67,821,888,4148,657,0.000630,steph-mb47rkot-eastus2,"When it comes to choosing a hyperscaler for enterprise use, there are several key players to consider, including Amazon Web Services (AWS), Microsoft Azure, Google Cloud Platform (GCP), and IBM Cloud. Each hyperscaler has its strengths and weaknesses, and the best choice for your organization will depend on your specific needs and requirements.  **Amazon Web Services (AWS)**  AWS is the largest and most mature hyperscaler, with a wide range of services and features that cater to enterprise needs. It offers a highly scalable and secure infrastructure, with a strong focus on innovation and customer support. AWS has a large ecosystem of partners and a wide range of tools and services, including artificial intelligence (AI), machine learning (ML), and the Internet of Things (IoT). However, AWS can be complex to navigate, and its pricing model can be difficult to understand.  **Microsoft Azure**  Microsoft Azure is a close second to AWS in terms of market share and offers a strong set of services and features that integrate well with Microsoft products, such as Office 365 and Dynamics. Azure has a strong focus on hybrid cloud, allowing enterprises to easily integrate their on-premises infrastructure with the cloud. It also offers a wide range of AI and ML services, as well as a strong security framework. However, Azure's pricing model can be complex, and its support for non-Microsoft platforms can be limited.  **Google Cloud Platform (GCP)**  GCP is a fast-growing hyperscaler that offers a highly scalable and secure infrastructure, with a strong focus on AI, ML, and data analytics. It has a simple and transparent pricing model, and its services are highly integrated with other Google products, such as Google Drive and Google Workspace. GCP also has a strong focus on innovation, with a wide range of cutting-edge services and features, including Kubernetes and TensorFlow. However, GCP's ecosystem of partners is smaller than that of AWS and Azure, and its support for enterprise applications can be limited.  **IBM Cloud**  IBM Cloud is a smaller hyperscaler that offers a wide range of services and features, including AI, ML, and IoT. It has a strong focus on enterprise applications, with a wide range of tools and services that cater to specific industries, such as finance and healthcare. IBM Cloud also has a strong security framework, with a wide range of compliance certifications and a strong focus on data protection. However, IBM Cloud's pricing model can be complex, and its ecosystem of partners is smaller than that of the other hyperscalers.  **Comparison of Hyperscalers**  When comparing the hyperscalers, there are several key factors to consider, including:  * **Scalability**: All four hyperscalers offer highly scalable infrastructure, but AWS and GCP have a stronger focus on scalability and flexibility. * **Security**: All four hyperscalers have a strong security framework, but Azure and IBM Cloud have a stronger focus on compliance and data protection. * **Innovation**: GCP has a stronger focus on innovation, with a wide range of cutting-edge services and features, including AI, ML, and data analytics. * **Pricing**: GCP has a simple and transparent pricing model, while AWS and Azure have more complex pricing models. * **Ecosystem**: AWS has the largest ecosystem of partners, while GCP's ecosystem is smaller but growing rapidly.  **Conclusion**  Choosing the best hyperscaler for enterprise use depends on your specific needs and requirements. If you're looking for a highly scalable and secure infrastructure with a wide range of services and features, AWS may be the best choice. If you're already invested in the Microsoft ecosystem, Azure may be a better fit. If you're looking for a simple and transparent pricing model and a strong focus on innovation, GCP may be the way to go. And if you're looking for a strong focus on enterprise applications and security, IBM Cloud may be the best choice. Ultimately, the best hyperscaler for your organization will depend on your specific needs and requirements, and it's essential to carefully evaluate each option before making a decision."
2,24.33,67,968,1035,5381,799,0.000735,steph-mb47rkot-eastus2,"When it comes to choosing a hyperscaler for enterprise use, there are several options to consider, including Amazon Web Services (AWS), Microsoft Azure, Google Cloud Platform (GCP), and IBM Cloud. Each hyperscaler has its strengths and weaknesses, and the best choice for an enterprise will depend on its specific needs and requirements.  **Amazon Web Services (AWS)**  AWS is the largest and most mature hyperscaler, with a wide range of services and features. It offers a highly scalable and flexible platform, with a vast array of tools and services for computing, storage, databases, analytics, machine learning, and more. AWS has a strong track record of innovation, with new services and features being added regularly. Its large customer base and extensive partner ecosystem also make it an attractive choice for enterprises.  However, AWS can be complex to navigate, with a steep learning curve for new users. Its pricing model can also be confusing, with multiple pricing tiers and options to consider. Additionally, some users have reported issues with customer support, particularly for smaller enterprises.  **Microsoft Azure**  Microsoft Azure is a close second to AWS in terms of market share and features. It offers a wide range of services, including computing, storage, databases, and artificial intelligence. Azure is particularly strong in the areas of hybrid cloud, with seamless integration with on-premises Microsoft environments. Its Azure Active Directory (AAD) service provides robust identity and access management capabilities, making it a popular choice for enterprises with existing Microsoft investments.  Azure's pricing model is generally more straightforward than AWS, with a simpler and more transparent pricing structure. However, some users have reported issues with performance and reliability, particularly in certain regions.  **Google Cloud Platform (GCP)**  GCP is the newest of the major hyperscalers, but it has quickly gained traction with its innovative approach to cloud computing. GCP offers a highly scalable and secure platform, with a strong focus on artificial intelligence, machine learning, and data analytics. Its Kubernetes-based container orchestration service provides a highly flexible and portable way to deploy applications.  GCP's pricing model is generally more competitive than AWS and Azure, with a simpler and more transparent pricing structure. However, its services and features are not as mature as those of AWS and Azure, and some users have reported issues with customer support.  **IBM Cloud**  IBM Cloud is a smaller but still significant player in the hyperscaler market. It offers a wide range of services, including computing, storage, databases, and artificial intelligence. IBM Cloud is particularly strong in the areas of hybrid cloud, with seamless integration with on-premises IBM environments. Its Watson AI services provide robust machine learning and data analytics capabilities, making it a popular choice for enterprises with complex data workloads.  IBM Cloud's pricing model is generally more straightforward than AWS, with a simpler and more transparent pricing structure. However, its services and features are not as mature as those of AWS and Azure, and some users have reported issues with performance and reliability.  **Comparison of Hyperscalers**  | Hyperscaler | Strengths | Weaknesses | | --- | --- | --- | | AWS | Highly scalable and flexible, wide range of services and features, large customer base and partner ecosystem | Complex to navigate, confusing pricing model, issues with customer support | | Azure | Strong hybrid cloud capabilities, seamless integration with on-premises Microsoft environments, robust identity and access management | Issues with performance and reliability, simpler pricing model but still complex | | GCP | Highly scalable and secure, strong focus on artificial intelligence and machine learning, competitive pricing | Less mature services and features, issues with customer support | | IBM Cloud | Strong hybrid cloud capabilities, seamless integration with on-premises IBM environments, robust machine learning and data analytics | Less mature services and features, issues with performance and reliability |  **Conclusion**  Choosing the best hyperscaler for enterprise use depends on a variety of factors, including the specific needs and requirements of the organization. AWS is a good choice for enterprises that require a highly scalable and flexible platform, with a wide range of services and features. Azure is a good choice for enterprises with existing Microsoft investments, particularly those that require strong hybrid cloud capabilities. GCP is a good choice for enterprises that require a highly scalable and secure platform, with a strong focus on artificial intelligence and machine learning. IBM Cloud is a good choice for enterprises that require strong hybrid cloud capabilities, with seamless integration with on-premises IBM environments.  Ultimately, the best hyperscaler for an enterprise will depend on its specific needs and requirements. It's essential to carefully evaluate each hyperscaler's strengths and weaknesses, as well as its pricing model and customer support, before making a decision. By doing so, enterprises can choose the hyperscaler that best meets their needs and helps them achieve their business goals."
3,19.59,67,877,944,4521,720,0.000670,steph-mb47rkot-eastus2,"When it comes to choosing a hyperscaler for enterprise use, there are several key players to consider, including Amazon Web Services (AWS), Microsoft Azure, Google Cloud Platform (GCP), and IBM Cloud. Each of these hyperscalers has its own strengths and weaknesses, and the best choice for your organization will depend on your specific needs and requirements.  **Amazon Web Services (AWS)**  AWS is the largest and most mature hyperscaler, with a wide range of services and features that make it a popular choice for enterprises. It offers a highly scalable and reliable infrastructure, with a vast array of compute, storage, and database options. AWS also has a strong focus on security, with features like encryption, access controls, and compliance frameworks. Additionally, AWS has a large and active community of developers and partners, which can be a significant advantage for organizations looking to leverage the latest technologies and innovations.  **Microsoft Azure**  Microsoft Azure is a close second to AWS in terms of market share, and it has been gaining ground in recent years. Azure offers a strong set of services and features that are tightly integrated with Microsoft's own products, such as Office 365 and Dynamics. This makes it a great choice for organizations that are already invested in the Microsoft ecosystem. Azure also has a strong focus on artificial intelligence (AI) and machine learning (ML), with a range of services and tools that make it easy to build and deploy AI-powered applications. Additionally, Azure has a strong commitment to hybrid cloud, with a range of services that make it easy to integrate on-premises infrastructure with cloud-based resources.  **Google Cloud Platform (GCP)**  GCP is the youngest of the three main hyperscalers, but it has been growing rapidly in recent years. GCP offers a highly scalable and flexible infrastructure, with a strong focus on containerization and serverless computing. It also has a range of innovative services and features, such as its AI-powered data analytics platform, BigQuery, and its cloud-based machine learning platform, AutoML. GCP is also known for its strong security features, including its use of encryption and access controls. Additionally, GCP has a strong commitment to open source, with a range of services and tools that make it easy to build and deploy open-source applications.  **IBM Cloud**  IBM Cloud is a smaller but still significant player in the hyperscaler market. It offers a range of services and features that are tightly integrated with IBM's own products, such as its Watson AI platform and its Cloud Private platform. IBM Cloud also has a strong focus on hybrid cloud, with a range of services that make it easy to integrate on-premises infrastructure with cloud-based resources. Additionally, IBM Cloud has a strong commitment to security, with a range of features and services that make it easy to protect sensitive data and applications.  **Comparison**  So, which hyperscaler is the best choice for enterprise use? The answer will depend on your specific needs and requirements. Here are a few key factors to consider:  * **Scalability**: If you need to scale quickly and easily, AWS or GCP may be a good choice. Both of these hyperscalers have highly scalable infrastructure and a range of services that make it easy to scale up or down as needed. * **Integration**: If you are already invested in the Microsoft ecosystem, Azure may be a good choice. It offers tight integration with Microsoft products and services, making it easy to leverage the latest technologies and innovations. * **Innovation**: If you are looking for innovative services and features, GCP may be a good choice. It offers a range of cutting-edge services, such as its AI-powered data analytics platform and its cloud-based machine learning platform. * **Security**: If security is a top priority, AWS or IBM Cloud may be a good choice. Both of these hyperscalers have a strong focus on security, with a range of features and services that make it easy to protect sensitive data and applications.  Ultimately, the best hyperscaler for your organization will depend on your specific needs and requirements. It's worth taking the time to evaluate each of the main hyperscalers and determine which one is the best fit for your business. By considering factors such as scalability, integration, innovation, and security, you can make an informed decision and choose the hyperscaler that will help you achieve your goals."
4,19.15,67,815,882,4038,677,0.000626,steph-mb47rkot-eastus2,"When it comes to choosing a hyperscaler for enterprise use, there are several key players to consider, including Amazon Web Services (AWS), Microsoft Azure, Google Cloud Platform (GCP), and IBM Cloud. Each hyperscaler has its strengths and weaknesses, and the best choice for your organization will depend on your specific needs and requirements.  **Amazon Web Services (AWS)**  AWS is the largest and most mature hyperscaler, with a wide range of services and features that cater to various enterprise needs. It offers a highly scalable and reliable infrastructure, with a strong focus on security and compliance. AWS has a large ecosystem of partners and a wide range of tools and services, including artificial intelligence (AI), machine learning (ML), and the Internet of Things (IoT). However, AWS can be complex to navigate, and its pricing model can be difficult to understand.  **Microsoft Azure**  Microsoft Azure is a close second to AWS in terms of market share and offers a similar range of services and features. Azure has a strong focus on hybrid cloud, allowing enterprises to easily integrate their on-premises infrastructure with the cloud. It also has a strong portfolio of AI and ML services, including Azure Machine Learning and Azure Cognitive Services. Azure's pricing model is generally more straightforward than AWS, and it offers a free tier for many of its services. However, Azure's global coverage is not as extensive as AWS.  **Google Cloud Platform (GCP)**  GCP is a relatively new player in the hyperscaler market but has quickly gained traction due to its strong focus on AI and ML. GCP offers a range of services, including Google Cloud AI Platform, Google Cloud Data Fusion, and Google Cloud IoT Core. It also has a strong portfolio of data analytics services, including BigQuery and Cloud Dataflow. GCP's pricing model is generally more competitive than AWS and Azure, and it offers a free tier for many of its services. However, GCP's global coverage is not as extensive as AWS or Azure.  **IBM Cloud**  IBM Cloud is a smaller player in the hyperscaler market but has a strong focus on enterprise needs, particularly in the areas of AI, ML, and IoT. IBM Cloud offers a range of services, including IBM Watson Studio, IBM Cloud Private, and IBM Cloud Functions. It also has a strong portfolio of data analytics services, including IBM Cloudant and IBM Db2. IBM Cloud's pricing model is generally more competitive than AWS and Azure, and it offers a free tier for many of its services. However, IBM Cloud's global coverage is not as extensive as the other hyperscalers.  **Comparison of Hyperscalers**  | Hyperscaler | Strengths | Weaknesses | | --- | --- | --- | | AWS | Highly scalable and reliable, wide range of services and features, strong focus on security and compliance | Complex to navigate, pricing model can be difficult to understand | | Azure | Strong focus on hybrid cloud, wide range of AI and ML services, straightforward pricing model | Global coverage not as extensive as AWS | | GCP | Strong focus on AI and ML, competitive pricing model, free tier for many services | Global coverage not as extensive as AWS or Azure | | IBM Cloud | Strong focus on enterprise needs, competitive pricing model, free tier for many services | Global coverage not as extensive as other hyperscalers |  **Conclusion**  Choosing the best hyperscaler for enterprise use depends on your specific needs and requirements. If you need a highly scalable and reliable infrastructure with a wide range of services and features, AWS may be the best choice. If you need a strong focus on hybrid cloud and AI and ML services, Azure may be the best choice. If you need a competitive pricing model and a strong focus on AI and ML, GCP may be the best choice. If you need a strong focus on enterprise needs and a competitive pricing model, IBM Cloud may be the best choice. Ultimately, it's essential to evaluate your organization's specific needs and requirements and choose the hyperscaler that best aligns with them."
5,47.62,67,896,963,4677,728,0.000684,steph-mb47rkot-eastus2,"When it comes to choosing a hyperscaler for enterprise use, there are several options to consider. The top hyperscalers, including Amazon Web Services (AWS), Microsoft Azure, Google Cloud Platform (GCP), and IBM Cloud, offer a range of services and features that can support the complex needs of large organizations. Here's a comparison of these hyperscalers to help you determine which one is the best choice for your enterprise.  **Infrastructure and Services**  All four hyperscalers offer a wide range of infrastructure and services, including compute, storage, networking, and databases. However, there are some key differences:  * AWS is the largest and most mature hyperscaler, with the widest range of services and features. It offers over 175 services, including popular options like EC2, S3, and Lambda. * Azure is a close second, with a strong focus on hybrid cloud and enterprise integration. It offers over 100 services, including Azure Virtual Machines, Azure Storage, and Azure Active Directory. * GCP is known for its strength in artificial intelligence and machine learning, with popular services like Google Cloud AI Platform and Google Cloud Dataflow. * IBM Cloud is focused on enterprise-grade security and compliance, with a strong emphasis on hybrid cloud and AI.  **Security and Compliance**  Security and compliance are top priorities for enterprises, and all four hyperscalers have made significant investments in these areas:  * AWS offers a wide range of security services, including IAM, Cognito, and Inspector. It also has a strong compliance program, with support for major regulatory frameworks like PCI-DSS and HIPAA. * Azure has a strong focus on security, with features like Azure Security Center and Azure Sentinel. It also offers a wide range of compliance certifications, including SOC 2 and ISO 27001. * GCP has a strong emphasis on security, with features like Google Cloud Security Command Center and Google Cloud Data Loss Prevention. It also offers a range of compliance certifications, including SOC 2 and ISO 27001. * IBM Cloud has a strong focus on enterprise-grade security, with features like IBM Cloud Security and IBM Cloud Compliance. It also offers a wide range of compliance certifications, including SOC 2 and ISO 27001.  **Cost and Pricing**  Cost is a critical factor for enterprises, and all four hyperscalers offer competitive pricing models:  * AWS offers a pay-as-you-go pricing model, with discounts for committed usage and reserved instances. * Azure offers a similar pay-as-you-go pricing model, with discounts for committed usage and reserved instances. * GCP offers a pay-as-you-go pricing model, with discounts for committed usage and custom pricing for large enterprises. * IBM Cloud offers a pay-as-you-go pricing model, with discounts for committed usage and custom pricing for large enterprises.  **Integration and Support**  Integration and support are critical for enterprises, and all four hyperscalers offer a range of options:  * AWS has a wide range of integration options, including AWS CloudFormation and AWS API Gateway. It also offers a strong support program, with options like AWS Support and AWS Trusted Advisor. * Azure has a strong focus on hybrid cloud integration, with features like Azure Arc and Azure Stack. It also offers a wide range of support options, including Azure Support and Azure Advisor. * GCP has a strong emphasis on integration, with features like Google Cloud API Gateway and Google Cloud Functions. It also offers a range of support options, including Google Cloud Support and Google Cloud Professional Services. * IBM Cloud has a strong focus on enterprise integration, with features like IBM Cloud Pak and IBM Cloud Private. It also offers a wide range of support options, including IBM Cloud Support and IBM Cloud Consulting.  **Conclusion**  Choosing the best hyperscaler for enterprise use depends on a range of factors, including infrastructure and services, security and compliance, cost and pricing, and integration and support. While all four hyperscalers have their strengths and weaknesses, AWS is generally considered the most mature and widely adopted option. However, Azure is a close second, with a strong focus on hybrid cloud and enterprise integration. GCP is a strong choice for enterprises with a focus on AI and machine learning, while IBM Cloud is a good option for enterprises with a focus on security and compliance. Ultimately, the best hyperscaler for your enterprise will depend on your specific needs and requirements. It's essential to carefully evaluate each option and choose the one that best aligns with your business goals and objectives."

Average,25.61,67.00,875.40,942.40,4553.00,716.20,0.000669,steph-mb47rkot-eastus2,

Region,steph-mb47rkot-eastus2
Finished (GMT),2025-06-16T22:47:47.926510Z
